"Date","Price","Open","High","Low","Vol.","Change %"
"04/18/2025","146.66","152.52","153.40","142.90","9.36M","-3.63%"
"04/17/2025","152.18","151.00","152.99","150.99","916.31K","0.56%"
"04/16/2025","151.34","152.55","153.50","150.50","1.08M","-0.75%"
"04/15/2025","152.48","153.90","154.60","152.05","1.78M","0.12%"
"04/14/2025","152.30","150.00","154.00","150.00","1.75M","1.54%"
"04/11/2025","149.99","152.00","152.00","149.11","716.34K","-0.70%"
"04/10/2025","151.04","153.95","153.95","150.67","2.93M","0.53%"
"04/09/2025","150.25","150.90","152.50","148.75","987.74K","-0.60%"
"04/08/2025","151.15","154.00","154.50","150.02","2.34M","-0.57%"
"04/07/2025","152.01","155.51","158.00","143.11","1.97M","-3.94%"
"04/04/2025","158.24","154.48","162.50","154.00","5.44M","2.95%"
"04/03/2025","153.70","153.48","154.90","152.08","1.20M","0.60%"
"03/27/2025","152.79","153.97","154.00","152.50","568.48K","-0.07%"
"03/26/2025","152.89","153.00","154.50","152.07","754.54K","0.85%"
"03/25/2025","151.60","151.02","154.10","151.00","818.44K","0.09%"
"03/24/2025","151.46","154.40","154.40","151.00","191.59K","-0.58%"
"03/21/2025","152.34","155.20","155.60","152.05","1.18M","-1.10%"
"03/20/2025","154.03","154.11","155.00","153.88","1.92M","0.01%"
"03/19/2025","154.02","153.70","155.00","153.00","1.12M","0.42%"
"03/18/2025","153.38","152.50","153.90","152.50","1.06M","0.58%"
"03/17/2025","152.49","153.00","153.90","152.10","1.34M","-3.12%"
"03/14/2025","157.40","157.99","158.88","156.71","381.40K","0.03%"
"03/13/2025","157.36","156.88","160.75","156.50","1.20M","0.65%"
"03/12/2025","156.35","155.65","157.99","155.55","766.77K","0.45%"
"03/11/2025","155.65","158.00","158.99","155.01","785.70K","-1.12%"
"03/10/2025","157.42","154.98","158.50","153.74","1.36M","2.23%"
"03/07/2025","153.99","153.99","154.60","153.17","213.96K","0.40%"
"03/06/2025","153.38","152.85","154.00","151.30","380.00K","1.13%"
"03/05/2025","151.67","153.00","154.00","151.11","286.99K","-0.82%"
"03/04/2025","152.93","152.00","153.48","151.00","217.87K","1.06%"
"03/03/2025","151.33","152.00","152.90","150.00","175.84K","-0.75%"
"02/28/2025","152.47","153.00","153.45","151.53","1.15M","0.51%"
"02/27/2025","151.69","153.50","154.40","150.31","670.01K","-1.33%"
"02/26/2025","153.74","155.01","156.39","152.90","808.79K","-1.28%"
"02/25/2025","155.73","157.00","160.00","154.20","2.33M","0.87%"
"02/24/2025","154.38","158.50","158.50","149.60","7.25M","-2.41%"
"02/21/2025","158.20","160.70","161.97","157.50","468.45K","-1.39%"
"02/20/2025","160.43","162.72","162.72","159.11","898.04K","-1.25%"
"02/19/2025","162.46","165.79","167.00","162.05","1.21M","-1.49%"
"02/18/2025","164.91","163.85","165.30","162.50","410.20K","1.29%"
"02/17/2025","162.81","162.52","163.98","160.52","246.52K","0.18%"
"02/14/2025","162.52","164.47","164.50","162.00","313.82K","-0.45%"
"02/13/2025","163.26","163.05","164.89","162.52","313.06K","-0.10%"
"02/12/2025","163.42","165.50","167.86","162.84","866.33K","-1.27%"
"02/11/2025","165.53","167.00","168.95","164.25","493.31K","-0.36%"
"02/10/2025","166.12","164.05","168.00","160.10","516.17K","1.21%"
"02/07/2025","164.14","165.00","168.49","163.20","1.57M","-0.38%"
"02/06/2025","164.77","170.00","171.00","163.20","2.17M","-2.81%"
"02/04/2025","169.54","173.00","173.49","169.05","1.73M","-1.63%"
"02/03/2025","172.35","176.00","177.00","172.00","1.02M","-2.07%"
"01/31/2025","175.99","173.17","179.40","173.00","2.65M","1.29%"
"01/30/2025","173.75","173.00","175.40","173.00","1.13M","0.02%"
"01/29/2025","173.72","175.90","175.90","172.05","1.52M","-0.54%"
"01/28/2025","174.67","175.38","175.88","172.70","2.28M","0.21%"
"01/27/2025","174.30","174.52","176.10","173.60","2.68M","-0.12%"
"01/24/2025","174.51","172.70","176.40","171.75","3.35M","1.67%"
"01/23/2025","171.65","173.39","173.39","171.50","713.49K","-0.34%"
"01/22/2025","172.23","173.87","175.05","171.60","3.47M","-0.94%"
"01/21/2025","173.87","175.90","176.50","173.25","2.76M","0.36%"
"01/20/2025","173.25","172.90","175.25","172.10","1.66M","0.03%"
"01/17/2025","173.19","173.00","174.00","171.51","1.71M","0.49%"
"01/16/2025","172.35","172.95","173.48","171.01","1.23M","0.38%"
"01/15/2025","171.70","173.30","174.80","171.50","1.55M","-0.10%"
"01/14/2025","171.87","173.93","173.95","171.26","812.56K","-0.72%"
"01/13/2025","173.11","173.11","174.00","172.00","832.35K","0.52%"
"01/10/2025","172.22","174.48","174.48","171.51","543.99K","-1.11%"
"01/09/2025","174.15","172.10","176.00","170.50","1.87M","0.64%"
"01/08/2025","173.05","176.80","178.50","171.50","673.20K","-2.02%"
"01/07/2025","176.61","180.11","181.75","171.10","2.68M","-1.88%"
"01/06/2025","180.00","182.90","182.90","176.50","4.29M","-0.90%"
"01/03/2025","181.63","177.76","182.50","174.00","4.58M","2.61%"
"01/02/2025","177.01","174.00","179.95","174.00","4.39M","1.35%"
"01/01/2025","174.65","174.95","175.50","172.55","1.80M","0.66%"
"12/31/2024","173.50","173.11","178.50","168.96","7.41M","0.99%"
"12/30/2024","171.80","159.09","171.80","157.12","7.67M","10.13%"
"12/27/2024","156.00","156.50","157.69","155.00","1.20M","-0.39%"
"12/26/2024","156.61","158.30","158.30","154.01","1.52M","-0.95%"
"12/24/2024","158.11","160.43","162.51","157.75","1.42M","-1.12%"
"12/23/2024","159.90","157.99","162.00","157.20","1.94M","1.85%"
"12/20/2024","156.99","153.11","157.00","153.00","1.29M","1.32%"
"12/19/2024","154.95","161.72","163.10","152.50","2.19M","-4.65%"
"12/18/2024","162.51","167.00","167.10","160.01","1.77M","-0.82%"
"12/17/2024","163.85","158.06","167.10","157.71","3.26M","2.41%"
"12/16/2024","160.00","162.00","162.75","158.55","4.11M","-1.54%"
"12/13/2024","162.50","169.00","169.40","160.62","2.53M","-3.39%"
"12/12/2024","168.20","164.00","170.00","164.00","3.04M","2.56%"
"12/11/2024","164.00","163.60","166.45","161.10","1.68M","0.61%"
"12/10/2024","163.01","167.00","168.45","161.44","3.17M","-2.39%"
"12/09/2024","167.00","170.01","171.98","166.24","3.59M","-3.50%"
"12/06/2024","173.05","175.00","177.25","173.05","3.75M","-0.82%"
"12/05/2024","174.48","173.80","176.90","170.87","5.27M","0.85%"
"12/04/2024","173.01","178.16","179.00","172.80","4.62M","-2.80%"
"12/03/2024","178.00","182.45","182.45","175.11","3.40M","-2.73%"
"12/02/2024","183.00","182.35","184.79","177.75","3.55M","0.99%"
"11/29/2024","181.20","178.00","182.90","172.50","4.00M","1.97%"
"11/28/2024","177.70","175.26","182.40","171.75","9.94M","4.55%"
"11/27/2024","169.96","159.97","169.96","158.50","16.44M","9.67%"
"11/26/2024","154.98","147.74","161.90","144.10","15.66M","4.90%"
"11/25/2024","147.74","145.20","154.69","145.00","8.33M","1.89%"
"11/22/2024","145.00","135.50","148.39","135.50","19.34M","7.46%"
"11/21/2024","134.94","134.10","135.90","133.51","2.98M","0.85%"
"11/20/2024","133.80","138.50","140.98","133.51","4.07M","-2.76%"
"11/19/2024","137.60","138.75","141.00","137.60","1.97M","-0.86%"
"11/18/2024","138.80","134.20","139.60","132.05","2.79M","3.88%"
"11/15/2024","133.62","131.00","135.00","131.00","2.92M","2.55%"
"11/14/2024","130.30","125.50","130.99","125.25","2.09M","4.07%"
"11/13/2024","125.21","125.50","125.90","124.40","1.15M","0.00%"
"11/12/2024","125.21","128.00","128.00","125.00","1.04M","-1.84%"
"11/11/2024","127.56","130.94","130.94","127.01","1.13M","-1.20%"
"11/08/2024","129.11","129.51","130.94","128.46","1.17M","-0.30%"
"11/07/2024","129.50","131.75","132.40","129.00","1.42M","-1.51%"
"11/06/2024","131.49","130.44","132.01","129.51","518.23K","0.84%"
"11/05/2024","130.40","131.51","131.51","129.76","702.16K","-1.21%"
"11/04/2024","132.00","133.90","134.99","131.50","443.20K","-0.79%"
"11/01/2024","133.05","130.49","134.90","130.05","942.35K","1.80%"
"10/31/2024","130.70","137.00","137.00","130.00","3.43M","-4.42%"
"10/30/2024","136.75","140.00","140.50","136.10","619.33K","-1.90%"
"10/29/2024","139.40","139.40","141.85","139.01","1.47M","-0.57%"
"10/28/2024","140.20","138.50","141.50","138.50","3.45M","1.22%"
"10/25/2024","138.51","137.15","139.74","137.15","3.28M","0.15%"
"10/24/2024","138.30","136.97","139.89","135.00","4.24M","-0.50%"
"10/23/2024","139.00","135.92","139.32","134.50","3.98M","2.70%"
"10/22/2024","135.35","135.20","138.00","135.11","1.43M","0.25%"
"10/21/2024","135.01","134.02","135.48","133.50","1.07M","0.75%"
"10/18/2024","134.00","132.26","134.95","131.60","1.81M","-0.07%"
"10/17/2024","134.10","135.75","135.75","132.25","1.65M","-0.30%"
"10/16/2024","134.50","137.95","139.50","134.01","2.45M","-2.17%"
"10/15/2024","137.49","135.25","137.98","134.61","674.83K","1.73%"
"10/14/2024","135.15","136.80","137.00","135.00","1.37M","-0.15%"
"10/11/2024","135.35","137.50","138.90","134.79","4.28M","-1.56%"
"10/10/2024","137.50","140.94","140.94","136.66","2.86M","-1.79%"
"10/09/2024","140.00","140.11","144.00","139.00","5.63M","-0.35%"
"10/08/2024","140.49","128.75","140.60","128.75","10.53M","8.32%"
"10/07/2024","129.70","129.00","129.81","128.25","2.49M","0.15%"
"10/04/2024","129.50","128.27","131.25","127.60","2.13M","1.07%"
"10/03/2024","128.13","126.05","129.80","125.57","7.03M","1.00%"
"10/02/2024","126.86","124.75","127.00","123.10","4.59M","1.50%"
"10/01/2024","124.99","127.01","128.87","124.10","1.36M","-1.66%"
"09/30/2024","127.10","128.50","128.89","123.60","2.43M","-0.39%"
"09/27/2024","127.60","128.00","129.65","127.60","2.54M","-0.70%"
"09/26/2024","128.50","130.00","132.40","128.15","4.35M","-0.77%"
"09/25/2024","129.50","128.99","130.20","127.05","3.70M","0.93%"
"09/24/2024","128.31","128.95","129.40","126.28","4.26M","-0.15%"
"09/23/2024","128.50","128.00","129.38","126.41","6.58M","0.51%"
"09/20/2024","127.85","119.25","129.97","119.25","16.17M","6.64%"
"09/19/2024","119.89","116.70","122.10","116.01","3.63M","3.25%"
"09/18/2024","116.12","115.55","116.90","115.55","904.47K","-0.03%"
"09/16/2024","116.16","114.90","116.45","114.55","238.67K","0.91%"
"09/13/2024","115.11","117.00","117.48","114.80","745.39K","-0.98%"
"09/12/2024","116.25","117.25","117.40","115.00","1.19M","-0.38%"
"09/11/2024","116.69","119.49","119.50","116.06","1.84M","-1.53%"
"09/10/2024","118.50","116.10","120.40","116.10","2.11M","0.85%"
"09/09/2024","117.50","119.90","119.90","116.00","1.67M","-2.00%"
"09/06/2024","119.90","118.50","119.95","118.03","985.10K","0.97%"
"09/05/2024","118.75","120.45","120.45","118.00","1.56M","-1.04%"
"09/04/2024","120.00","120.00","120.65","119.40","471.36K","0.29%"
"09/03/2024","119.65","119.50","120.00","118.50","1.82M","-2.33%"
"09/02/2024","122.50","125.55","129.10","121.99","4.12M","-1.75%"
"08/30/2024","124.68","126.78","128.80","124.60","2.26M","-1.45%"
"08/29/2024","126.52","128.00","128.98","126.00","1.47M","-0.89%"
"08/28/2024","127.66","129.00","129.00","126.50","514.56K","-0.62%"
"08/27/2024","128.46","129.01","129.98","127.90","635.73K","-0.80%"
"08/26/2024","129.50","134.12","134.95","128.50","3.04M","-3.44%"
"08/23/2024","134.11","134.60","134.60","133.00","515.67K","0.23%"
"08/22/2024","133.80","136.00","136.00","132.51","842.19K","-1.62%"
"08/21/2024","136.00","136.95","137.48","135.05","403.56K","-0.40%"
"08/20/2024","136.55","137.99","138.00","136.01","186.62K","-0.33%"
"08/19/2024","137.00","137.45","138.00","134.60","702.14K","-0.36%"
"08/16/2024","137.50","138.48","138.94","136.52","181.84K","-0.05%"
"08/15/2024","137.57","137.00","138.95","136.00","428.03K","0.67%"
"08/13/2024","136.66","137.00","137.90","135.61","479.12K","0.12%"
"08/12/2024","136.50","136.14","138.30","136.14","643.07K","-1.09%"
"08/09/2024","138.00","136.25","138.00","135.12","1.07M","1.09%"
"08/08/2024","136.51","133.85","136.74","132.60","3.19M","1.86%"
"08/07/2024","134.02","131.17","134.95","131.17","1.31M","0.77%"
"08/06/2024","133.00","132.87","135.20","131.11","2.05M","0.91%"
"08/05/2024","131.80","135.00","135.50","130.53","1.83M","-3.06%"
"08/02/2024","135.96","134.50","137.50","132.00","4.09M","2.23%"
"08/01/2024","133.00","131.86","133.68","131.00","1.58M","1.79%"
"07/31/2024","130.66","133.63","136.90","130.30","2.35M","-2.48%"
"07/30/2024","133.98","137.98","138.80","133.12","1.60M","-1.81%"
"07/29/2024","136.45","135.79","138.69","135.55","1.84M","-0.40%"
"07/26/2024","137.00","139.70","139.70","136.00","675.44K","-1.08%"
"07/25/2024","138.50","142.00","142.00","138.50","2.70M","-2.12%"
"07/24/2024","141.50","141.60","143.39","141.00","988.99K","0.21%"
"07/23/2024","141.20","143.48","145.00","140.10","2.32M","-0.92%"
"07/22/2024","142.51","141.64","144.25","137.50","5.10M","1.29%"
"07/19/2024","140.70","148.25","148.25","140.10","4.11M","-4.80%"
"07/18/2024","147.80","148.90","149.79","146.60","3.01M","-0.54%"
"07/15/2024","148.60","148.00","153.26","148.00","7.83M","0.88%"
"07/12/2024","147.31","139.99","148.10","137.49","13.20M","3.82%"
"07/11/2024","141.89","137.90","141.97","134.40","4.11M","3.19%"
"07/10/2024","137.50","141.49","141.49","137.00","1.93M","-1.72%"
"07/09/2024","139.90","143.11","145.90","139.00","3.23M","-2.47%"
"07/08/2024","143.44","140.00","145.10","137.51","5.28M","3.42%"
"07/05/2024","138.70","132.50","140.75","130.30","10.03M","4.77%"
"07/04/2024","132.39","132.49","134.90","127.00","7.00M","-0.46%"
"07/03/2024","133.00","126.75","133.75","126.50","7.32M","5.56%"
"07/02/2024","126.00","125.99","126.80","125.43","2.22M","0.84%"
"07/01/2024","124.95","123.99","125.70","122.52","1.96M","0.77%"
"06/28/2024","124.00","124.60","124.60","121.60","3.46M","0.32%"
"06/27/2024","123.60","125.00","126.00","123.25","1.15M","0.24%"
"06/26/2024","123.30","126.95","126.95","123.25","2.15M","-1.75%"
"06/25/2024","125.50","126.80","128.30","125.50","2.58M","-1.17%"
"06/24/2024","126.99","125.80","129.98","125.80","5.39M","0.70%"
"06/21/2024","126.11","123.50","127.97","122.40","12.90M","3.44%"
"06/20/2024","121.92","113.35","121.92","112.06","20.94M","7.89%"
"06/14/2024","113.00","110.00","113.25","108.90","5.19M","3.01%"
"06/13/2024","109.70","105.00","110.40","104.80","5.60M","4.48%"
"06/12/2024","105.00","104.07","106.44","104.06","391.28K","-0.01%"
"06/11/2024","105.01","105.48","107.25","104.50","619.88K","-0.23%"
"06/10/2024","105.25","106.48","107.46","105.10","1.05M","-1.16%"
"06/07/2024","106.48","108.82","109.50","104.12","2.53M","-2.22%"
"06/06/2024","108.90","108.85","110.49","108.10","1.25M","0.28%"
"06/05/2024","108.60","112.00","112.00","108.40","2.99M","-3.04%"
"06/04/2024","112.00","113.08","113.50","111.22","2.33M","-0.88%"
"06/03/2024","113.00","114.00","114.49","112.90","1.29M","-0.68%"
"05/31/2024","113.77","114.00","114.38","113.40","2.29M","0.15%"
"05/30/2024","113.60","114.40","114.50","113.36","1.10M","-0.35%"
"05/29/2024","114.00","114.75","115.35","113.10","2.00M","-0.65%"
"05/27/2024","114.75","114.60","116.80","113.83","6.16M","0.38%"
"05/24/2024","114.32","113.25","114.95","113.05","2.94M","1.40%"
"05/23/2024","112.74","112.75","113.97","112.26","905.98K","-0.23%"
"05/22/2024","113.00","113.90","114.25","112.51","777.25K","-0.79%"
"05/21/2024","113.90","113.50","114.70","113.30","1.90M","0.36%"
"05/20/2024","113.49","116.10","116.10","113.27","1.26M","-1.74%"
"05/17/2024","115.50","116.00","116.74","115.25","1.11M","-0.35%"
"05/16/2024","115.90","115.50","116.40","114.80","4.25M","0.56%"
"05/15/2024","115.26","115.01","115.85","114.50","2.51M","0.31%"
"05/14/2024","114.90","113.10","115.26","113.10","4.42M","1.24%"
"05/13/2024","113.49","113.41","114.10","113.00","1.67M","0.42%"
"05/10/2024","113.01","113.20","113.80","112.50","790.05K","-0.54%"
"05/09/2024","113.62","113.51","114.60","112.90","2.00M","-0.33%"
"05/08/2024","114.00","113.39","114.30","112.06","2.99M","1.06%"
"05/07/2024","112.80","111.98","113.49","111.50","3.37M","0.71%"
"05/06/2024","112.00","113.02","113.35","111.40","2.73M","-0.36%"
"05/03/2024","112.40","111.73","113.88","111.73","6.79M","0.26%"
"05/02/2024","112.11","113.50","115.75","112.00","3.47M","-3.93%"
"04/30/2024","116.70","116.94","118.20","116.00","4.03M","-0.26%"
"04/29/2024","117.00","118.05","118.80","115.40","5.59M","-0.68%"
"04/26/2024","117.80","118.00","118.60","116.30","3.85M","-0.10%"
"04/25/2024","117.92","119.40","119.80","117.26","4.56M","-0.61%"
"04/24/2024","118.64","115.99","119.10","114.98","12.55M","2.30%"
"04/23/2024","115.97","115.00","116.60","113.60","13.14M","0.84%"
"04/22/2024","115.00","115.10","116.50","112.51","48.15M","0.10%"
"04/19/2024","114.88","113.40","115.85","113.15","2.28M","0.55%"
"04/18/2024","114.25","115.80","116.73","113.60","3.25M","-0.87%"
"04/17/2024","115.25","116.00","117.50","114.50","3.63M","-0.29%"
"04/16/2024","115.59","111.30","118.48","111.00","15.88M","4.11%"
"04/15/2024","111.03","111.48","111.50","108.99","1.52M","1.86%"
"04/09/2024","109.00","111.79","112.84","108.75","4.31M","-0.96%"
"04/08/2024","110.06","108.99","110.70","107.95","1.51M","1.16%"
"04/04/2024","108.80","106.69","109.90","106.00","1.76M","2.26%"
"04/03/2024","106.40","105.00","106.70","104.60","1.05M","1.34%"
"04/02/2024","104.99","105.49","105.49","104.10","278.08K","-0.01%"
"04/01/2024","105.00","104.95","105.90","104.65","358.08K","0.67%"
"03/29/2024","104.30","105.95","106.45","104.25","671.01K","-1.32%"
"03/28/2024","105.70","104.50","105.75","104.11","432.65K","1.44%"
"03/27/2024","104.20","104.00","106.40","103.50","1.25M","0.20%"
"03/26/2024","103.99","104.49","105.00","103.00","898.19K","0.26%"
"03/25/2024","103.72","105.00","105.75","103.00","925.71K","-1.22%"
"03/22/2024","105.00","107.00","107.00","104.51","1.36M","-1.64%"
"03/21/2024","106.75","108.74","108.80","106.19","2.22M","-0.97%"
"03/20/2024","107.80","109.00","109.50","107.49","734.10K","-0.29%"
"03/19/2024","108.11","108.50","110.45","108.11","1.22M","-0.36%"
"03/18/2024","108.50","109.50","109.50","108.00","555.71K","-4.62%"
"03/15/2024","113.75","113.20","114.49","113.20","651.36K","-0.12%"
"03/14/2024","113.89","112.99","114.00","112.55","1.13M","1.24%"
"03/13/2024","112.50","113.68","114.00","112.06","471.49K","-1.14%"
"03/12/2024","113.80","114.67","114.91","113.26","317.71K","-0.61%"
"03/11/2024","114.50","114.00","116.00","114.00","396.40K","-0.01%"
"03/08/2024","114.51","115.49","116.00","114.31","491.92K","-0.25%"
"03/07/2024","114.80","116.19","116.50","114.61","677.46K","-1.08%"
"03/06/2024","116.05","116.00","117.95","115.80","1.63M","0.13%"
"03/05/2024","115.90","116.00","116.41","115.05","1.63M","0.55%"
"03/04/2024","115.27","117.00","117.00","114.85","4.07M","-1.35%"
"03/01/2024","116.85","116.05","117.80","115.85","2.45M","0.82%"
"02/29/2024","115.90","115.00","116.55","115.00","1.62M","1.31%"
"02/28/2024","114.40","115.00","116.98","114.06","5.01M","-0.52%"
"02/27/2024","115.00","115.50","116.00","114.20","3.45M","0.17%"
"02/26/2024","114.80","113.77","116.00","113.77","3.55M","0.91%"
"02/23/2024","113.76","113.03","115.01","112.00","3.34M","1.14%"
"02/22/2024","112.48","112.00","113.40","110.05","725.84K","0.61%"
"02/21/2024","111.80","110.55","113.00","110.55","528.23K","0.90%"
"02/20/2024","110.80","110.00","111.29","108.91","347.63K","0.12%"
"02/19/2024","110.67","110.00","111.48","108.51","448.40K","1.30%"
"02/16/2024","109.25","110.50","111.39","108.01","524.34K","-1.48%"
"02/15/2024","110.89","111.11","112.49","108.35","939.37K","-0.55%"
"02/14/2024","111.50","111.00","112.55","111.00","961.38K","1.36%"
"02/13/2024","110.00","107.01","110.50","103.00","1.39M","1.20%"
"02/12/2024","108.70","110.00","112.40","105.35","3.68M","-1.64%"
"02/09/2024","110.51","110.50","111.90","106.27","1.50M","-2.03%"
"02/07/2024","112.80","112.89","114.00","112.34","2.24M","0.28%"
"02/06/2024","112.48","113.70","113.70","111.80","1.22M","0.53%"
"02/02/2024","111.89","112.00","112.83","111.50","2.21M","0.08%"
"02/01/2024","111.80","111.48","112.35","111.20","636.33K","0.72%"
"01/31/2024","111.00","111.70","112.40","110.51","956.49K","0.18%"
"01/30/2024","110.80","112.99","113.98","110.40","1.34M","-1.07%"
"01/29/2024","112.00","113.90","113.97","111.51","3.15M","-1.67%"
"01/26/2024","113.90","116.00","116.89","113.51","2.07M","-1.39%"
"01/25/2024","115.50","116.00","117.01","115.01","3.34M","-0.20%"
"01/24/2024","115.73","116.95","116.95","115.50","744.95K","-0.22%"
"01/23/2024","115.99","115.10","116.60","115.10","9.67M","0.97%"
"01/22/2024","114.88","114.64","115.48","113.10","563.76K","0.68%"
"01/19/2024","114.10","115.25","116.50","114.07","358.82K","-0.70%"
"01/18/2024","114.90","115.00","115.85","112.66","872.34K","-0.32%"
"01/17/2024","115.27","116.01","117.20","114.93","5.08M","-0.84%"
"01/16/2024","116.25","117.26","118.00","116.25","1.14M","-1.46%"
"01/15/2024","117.97","119.30","120.81","117.27","1.91M","-0.28%"
"01/12/2024","118.30","118.00","119.00","117.50","1.60M","0.60%"
"01/11/2024","117.60","115.25","117.78","114.01","1.24M","2.26%"
"01/10/2024","115.00","117.00","117.00","114.90","447.28K","-0.26%"
"01/09/2024","115.30","116.99","117.44","115.27","390.89K","-0.63%"
"01/08/2024","116.03","117.25","118.00","116.01","573.04K","-1.24%"
"01/05/2024","117.49","117.45","117.99","115.20","1.06M","0.94%"
"01/04/2024","116.40","117.10","117.75","116.10","1.13M","-0.82%"
"01/03/2024","117.36","117.01","119.21","116.49","3.26M","0.36%"
"01/02/2024","116.94","116.89","118.80","115.00","4.16M","0.65%"
"01/01/2024","116.19","110.83","116.50","110.83","2.88M","5.63%"
"12/29/2023","110.00","111.01","112.00","109.55","1.49M","-1.08%"
"12/28/2023","111.20","111.26","113.49","110.20","3.34M","1.00%"
"12/27/2023","110.10","110.50","110.94","107.05","2.96M","0.55%"
"12/26/2023","109.50","116.00","118.80","107.25","5.38M","-5.19%"
"12/22/2023","115.50","119.50","121.00","115.00","1.56M","-3.75%"
"12/21/2023","120.00","116.55","120.25","116.10","902.68K","0.83%"
"12/20/2023","119.01","119.10","121.00","116.25","2.34M","0.01%"
"12/19/2023","119.00","123.95","123.95","118.20","2.76M","-3.25%"
"12/18/2023","123.00","125.11","126.50","123.00","1.66M","-0.97%"
"12/15/2023","124.20","124.00","126.70","122.50","3.64M","0.57%"
"12/14/2023","123.50","123.94","124.49","121.00","4.07M","0.78%"
"12/13/2023","122.55","124.70","125.60","121.20","4.17M","-1.12%"
"12/12/2023","123.94","124.98","125.40","122.50","2.28M","-0.17%"
"12/11/2023","124.15","129.47","132.50","121.16","24.84M","-4.62%"
"12/08/2023","130.17","122.00","130.17","121.20","8.66M","7.31%"
"12/07/2023","121.30","118.11","124.20","118.11","6.38M","2.84%"
"12/06/2023","117.95","113.00","118.00","112.45","2.95M","4.83%"
"12/05/2023","112.52","111.53","114.40","111.53","2.23M","0.91%"
"12/04/2023","111.50","112.00","113.10","111.16","1.23M","-0.28%"
"12/01/2023","111.81","112.49","112.99","110.50","885.12K","-0.17%"
"11/30/2023","112.00","112.98","114.10","109.05","3.23M","0.90%"
"11/29/2023","111.00","115.00","116.50","109.50","3.96M","-3.10%"
"11/28/2023","114.55","111.25","116.50","111.25","7.09M","5.06%"
"11/27/2023","109.03","102.25","109.03","102.10","10.97M","7.10%"
"11/24/2023","101.80","97.40","104.18","97.00","11.46M","5.09%"
"11/23/2023","96.87","96.50","98.40","96.10","3.26M","-0.14%"
"11/22/2023","97.01","96.05","97.75","96.05","1.46M","0.27%"
"11/21/2023","96.75","97.00","97.70","96.65","1.66M","0.50%"
"11/20/2023","96.27","97.50","97.69","95.82","405.57K","-0.44%"
"11/17/2023","96.70","101.00","101.20","96.70","2.96M","-0.31%"
"11/16/2023","97.00","98.00","98.50","96.26","1.97M","-0.91%"
"11/15/2023","97.89","98.00","99.01","96.80","3.71M","0.50%"
"11/14/2023","97.40","97.20","97.99","97.00","2.52M","0.30%"
"11/13/2023","97.11","96.90","98.00","96.90","2.76M","0.95%"
"11/10/2023","96.20","96.25","97.60","96.05","3.40M","-0.57%"
"11/08/2023","96.75","94.05","97.00","94.00","7.27M","2.63%"
"11/07/2023","94.27","94.05","96.25","93.75","2.19M","0.81%"
"11/06/2023","93.51","93.98","94.94","93.30","1.16M","-0.11%"
"11/03/2023","93.61","94.80","95.50","93.00","818.89K","-0.58%"
"11/02/2023","94.16","93.00","94.99","92.53","1.40M","-1.40%"
"11/01/2023","95.50","94.01","96.68","94.00","3.20M","2.07%"
"10/31/2023","93.56","94.35","95.00","93.55","1.75M","0.01%"
"10/30/2023","93.55","95.99","95.99","92.80","8.10M","-1.94%"
"10/27/2023","95.40","96.70","97.50","95.01","1.52M","-0.57%"
"10/26/2023","95.95","97.75","98.68","95.80","1.12M","-1.10%"
"10/25/2023","97.02","99.40","100.70","96.50","2.71M","-2.00%"
"10/24/2023","99.00","99.90","99.90","98.11","815.05K","-0.13%"
"10/23/2023","99.13","101.00","101.00","99.13","1.45M","-1.36%"
"10/20/2023","100.50","98.55","100.94","97.60","6.11M","2.81%"
"10/19/2023","97.75","95.50","99.00","95.10","3.13M","3.06%"
"10/18/2023","94.85","95.99","96.90","94.85","564.60K","-0.99%"
"10/17/2023","95.80","97.49","97.95","95.80","893.78K","-1.24%"
"10/16/2023","97.00","98.70","99.75","96.90","2.26M","-0.82%"
"10/13/2023","97.80","96.00","98.10","95.55","4.57M","2.41%"
"10/12/2023","95.50","94.49","95.70","94.30","6.60M","0.79%"
"10/11/2023","94.75","94.05","94.90","93.81","1.57M","0.80%"
"10/10/2023","94.00","93.50","94.93","93.30","1.55M","0.00%"
"10/09/2023","94.00","94.13","95.30","93.00","884.30K","-0.95%"
"10/06/2023","94.90","96.00","96.84","94.55","1.66M","-1.66%"
"10/05/2023","96.50","95.89","96.95","95.25","2.77M","1.15%"
"10/04/2023","95.40","90.11","95.60","90.11","6.43M","5.88%"
"10/03/2023","90.10","90.00","90.49","89.55","2.03M","0.36%"
"10/02/2023","89.78","90.52","91.38","89.56","473.31K","-0.64%"
"09/28/2023","90.36","90.98","90.99","89.70","1.74M","-0.15%"
"09/27/2023","90.50","92.00","92.50","90.41","1.84M","-2.16%"
"09/26/2023","92.50","94.35","94.35","92.02","2.08M","-2.02%"
"09/25/2023","94.41","96.60","96.60","94.25","2.35M","-1.68%"
"09/22/2023","96.02","96.50","96.69","95.76","1.86M","-0.08%"
"09/21/2023","96.10","95.50","96.75","95.01","3.14M","0.63%"
"09/20/2023","95.50","96.80","96.80","95.45","882.94K","-0.78%"
"09/19/2023","96.25","96.00","96.75","95.50","1.72M","0.38%"
"09/18/2023","95.89","95.97","96.50","94.95","889.98K","0.41%"
"09/15/2023","95.50","96.50","96.50","94.55","4.84M","-0.52%"
"09/14/2023","96.00","96.65","96.65","95.45","1.06M","0.02%"
"09/13/2023","95.98","96.30","96.60","95.75","893.78K","-0.03%"
"09/12/2023","96.01","97.00","97.63","95.90","1.46M","-0.67%"
"09/11/2023","96.66","97.50","98.40","96.30","2.84M","-0.61%"
"09/08/2023","97.25","97.99","97.99","96.42","3.20M","-0.15%"
"09/07/2023","97.40","98.47","98.50","97.10","1.19M","-0.36%"
"09/06/2023","97.75","97.96","98.50","97.21","1.23M","-0.26%"
"09/05/2023","98.00","96.00","98.50","96.00","1.19M","1.55%"
"09/04/2023","96.50","97.00","98.99","95.50","347.20K","0.73%"
"09/01/2023","95.80","96.00","96.90","94.10","913.66K","-1.03%"
"08/31/2023","96.80","99.00","99.00","94.00","3.00M","-1.31%"
"08/30/2023","98.08","97.60","98.25","95.35","2.20M","0.34%"
"08/29/2023","97.75","98.00","98.84","96.15","1.42M","-0.91%"
"08/28/2023","98.65","99.06","99.88","98.25","808.71K","-1.34%"
"08/25/2023","99.99","99.50","100.10","99.40","1.38M","0.64%"
"08/24/2023","99.35","99.25","100.75","99.25","10.05M","-0.63%"
"08/23/2023","99.98","99.40","100.50","97.50","4.51M","0.99%"
"08/22/2023","99.00","98.29","99.32","97.60","1.90M","0.15%"
"08/21/2023","98.85","100.19","101.00","98.01","1.40M","-2.18%"
"08/18/2023","101.05","101.25","102.45","101.05","1.53M","-0.15%"
"08/17/2023","101.20","100.20","101.80","99.95","1.32M","0.10%"
"08/16/2023","101.10","101.05","102.50","100.50","1.01M","-1.32%"
"08/15/2023","102.45","103.00","103.45","101.82","866.45K","0.15%"
"08/11/2023","102.30","102.00","105.50","101.72","11.42M","0.79%"
"08/10/2023","101.50","104.00","104.20","101.00","2.29M","-1.88%"
"08/09/2023","103.45","100.75","104.30","100.00","3.63M","2.78%"
"08/08/2023","100.65","103.03","103.50","100.26","2.95M","-3.22%"
"08/07/2023","104.00","104.00","105.70","103.10","3.72M","-0.25%"
"08/04/2023","104.26","104.00","104.89","102.20","4.07M","-0.70%"
"08/03/2023","105.00","104.98","107.80","104.60","12.08M","12.20%"
"08/02/2023","93.58","96.50","103.90","95.52","18.68M","-3.03%"
"08/01/2023","96.50","96.94","98.00","95.01","6.10M","-0.42%"
"07/31/2023","96.91","91.50","97.58","91.50","14.67M","14.69%"
"07/27/2023","84.50","84.50","91.29","84.50","11.87M","-0.71%"
"07/26/2023","85.10","86.49","87.00","82.12","10.32M","2.12%"
"07/25/2023","83.33","79.10","85.43","79.10","12.65M","5.02%"
"07/24/2023","79.35","79.89","79.98","79.06","2.16M","0.06%"
"07/21/2023","79.30","78.39","79.75","78.04","8.26M","1.67%"
"07/20/2023","78.00","78.44","79.40","77.85","3.84M","0.14%"
"07/19/2023","77.89","78.68","79.11","77.70","3.66M","-0.78%"
"07/18/2023","78.50","78.60","78.95","77.14","5.53M","0.26%"
"07/17/2023","78.30","78.41","79.69","78.04","3.17M","-0.04%"
"07/14/2023","78.33","80.00","80.00","78.30","3.77M","-2.33%"
"07/13/2023","80.20","80.44","81.25","78.90","4.78M","-0.30%"
"07/12/2023","80.44","79.50","80.80","79.15","3.19M","1.49%"
"07/11/2023","79.26","78.40","79.90","77.85","3.96M","1.36%"
"07/10/2023","78.20","79.01","79.40","77.86","1.31M","-1.06%"
"07/07/2023","79.04","79.16","79.70","78.33","1.10M","0.03%"
"07/06/2023","79.02","78.90","79.29","77.62","2.96M","1.83%"
"07/05/2023","77.60","77.35","78.48","76.50","1.70M","-2.63%"
"07/04/2023","79.70","79.70","79.70","76.62","2.60M","1.24%"
"07/03/2023","78.72","78.50","78.72","76.75","6.30M","7.47%"
"06/27/2023","73.25","69.88","74.20","68.80","6.69M","4.24%"
"06/26/2023","70.27","69.02","70.49","69.02","2.34M","3.34%"
"06/23/2023","68.00","68.00","69.45","66.60","1.72M","0.22%"
"06/22/2023","67.85","68.10","69.00","66.83","1.69M","-0.37%"
"06/21/2023","68.10","68.05","68.74","67.90","1.62M","0.15%"
"06/20/2023","68.00","69.00","69.47","67.98","1.34M","-1.45%"
"06/19/2023","69.00","68.49","69.40","67.90","4.28M","0.15%"
"06/16/2023","68.90","68.25","69.69","68.10","788.93K","0.09%"
"06/15/2023","68.84","67.67","69.25","67.50","737.15K","0.35%"
"06/14/2023","68.60","68.33","69.90","67.71","2.20M","1.25%"
"06/13/2023","67.75","67.49","68.19","67.49","315.13K","0.52%"
"06/12/2023","67.40","69.70","69.70","66.00","3.48M","-3.70%"
"06/09/2023","69.99","70.80","70.80","69.10","1.12M","-0.43%"
"06/08/2023","70.29","71.90","72.00","70.29","650.56K","-2.10%"
"06/07/2023","71.80","71.55","72.20","71.20","1.22M","0.43%"
"06/06/2023","71.49","72.01","72.30","71.15","2.16M","-0.43%"
"06/05/2023","71.80","72.70","72.73","71.70","601.56K","-0.69%"
"06/02/2023","72.30","73.38","73.38","72.00","3.16M","-0.69%"
"06/01/2023","72.80","73.88","74.00","72.80","475.37K","-0.95%"
"05/31/2023","73.50","73.20","75.10","72.75","2.10M","-1.34%"
"05/30/2023","74.50","72.10","74.95","72.03","5.91M","3.13%"
"05/29/2023","72.24","72.90","72.90","71.60","3.05M","-0.22%"
"05/26/2023","72.40","72.12","73.00","71.70","2.20M","-0.15%"
"05/25/2023","72.51","73.00","73.45","72.49","1.32M","-0.81%"
"05/24/2023","73.10","72.95","73.70","72.80","1.06M","0.83%"
"05/23/2023","72.50","72.60","73.40","72.41","758.42K","-0.33%"
"05/22/2023","72.74","73.00","73.20","72.70","965.78K","-0.36%"
"05/19/2023","73.00","73.40","73.40","72.70","1.09M","0.00%"
"05/18/2023","73.00","74.05","74.48","72.80","990.83K","-1.42%"
"05/17/2023","74.05","73.69","74.99","73.63","2.86M","0.22%"
"05/16/2023","73.89","73.90","73.90","72.50","4.29M","0.67%"
"05/15/2023","73.40","73.00","73.50","71.82","1.43M","0.70%"
"05/12/2023","72.89","73.20","73.67","72.35","1.81M","-0.42%"
"05/11/2023","73.20","72.31","74.59","72.15","2.01M","1.74%"
"05/10/2023","71.95","73.50","73.99","71.36","2.52M","-2.57%"
"05/09/2023","73.85","76.85","76.85","73.00","4.80M","-3.44%"
"05/08/2023","76.48","77.01","77.79","76.01","2.17M","-0.62%"
"05/05/2023","76.96","76.89","78.78","75.80","2.69M","-1.95%"
"05/04/2023","78.49","78.25","79.01","77.25","4.78M","0.31%"
"05/03/2023","78.25","81.50","82.01","77.50","23.53M","0.40%"
"05/02/2023","77.94","73.90","77.94","73.90","6.03M","7.49%"
"04/28/2023","72.51","74.80","74.80","72.12","1.50M","-2.34%"
"04/27/2023","74.25","75.30","75.30","73.51","2.10M","-0.13%"
"04/26/2023","74.35","75.00","76.50","74.30","1.41M","-1.52%"
"04/20/2023","75.50","74.87","76.50","74.66","1.07M","0.67%"
"04/19/2023","75.00","74.25","75.42","74.25","1.09M","0.00%"
"04/18/2023","75.00","74.30","75.10","74.25","1.07M","1.19%"
"04/17/2023","74.12","73.68","74.99","73.68","986.98K","-0.31%"
"04/13/2023","74.35","74.33","74.98","73.71","335.00K","0.34%"
"04/12/2023","74.10","73.20","74.53","73.00","877.74K","1.51%"
"04/11/2023","73.00","73.20","73.50","72.99","319.76K","0.00%"
"04/10/2023","73.00","74.69","74.69","72.50","744.07K","-2.01%"
"04/07/2023","74.50","74.65","75.01","74.10","2.32M","0.00%"
"04/06/2023","74.50","74.65","75.05","73.71","1.72M","1.02%"
"04/05/2023","73.75","74.49","74.75","72.60","2.10M","0.70%"
"04/04/2023","73.24","73.50","74.00","72.60","200.39K","0.26%"
"04/03/2023","73.05","74.00","74.25","71.15","323.95K","-0.61%"
"03/31/2023","73.50","73.75","74.00","72.75","1.79M","0.68%"
"03/30/2023","73.00","74.00","74.00","72.10","885.43K","-0.67%"
"03/29/2023","73.49","74.77","75.00","73.04","756.88K","-1.53%"
"03/28/2023","74.63","73.94","76.00","73.65","3.53M","1.54%"
"03/27/2023","73.50","72.99","73.88","71.51","804.90K","1.38%"
"03/24/2023","72.50","74.85","74.85","71.31","82.42K","-0.48%"
"03/22/2023","72.85","74.24","74.70","72.51","204.13K","-1.55%"
"03/21/2023","74.00","73.50","74.84","72.75","318.83K","0.33%"
"03/20/2023","73.76","74.00","75.30","73.50","1.06M","-2.30%"
"03/17/2023","75.50","77.51","79.40","74.50","9.18M","-2.58%"
"03/16/2023","77.50","75.00","77.50","75.00","3.06M","2.24%"
"03/15/2023","75.80","73.55","76.97","73.55","4.82M","1.07%"
"03/14/2023","75.00","75.79","76.15","74.63","1.29M","-0.15%"
"03/13/2023","75.11","75.99","76.49","75.11","953.15K","0.15%"
"03/10/2023","75.00","74.90","75.99","74.70","1.31M","0.54%"
"03/09/2023","74.60","74.90","75.50","73.55","2.48M","0.04%"
"03/08/2023","74.57","74.70","75.30","73.70","3.75M","0.84%"
"03/07/2023","73.95","72.00","73.95","71.00","2.98M","3.07%"
"03/06/2023","71.75","72.34","72.34","70.03","1.15M","0.21%"
"03/03/2023","71.60","71.34","72.49","69.26","2.96M","0.14%"
"03/02/2023","71.50","70.75","72.50","69.50","2.23M","2.51%"
"03/01/2023","69.75","69.98","70.74","68.10","2.12M","0.56%"
"02/28/2023","69.36","70.50","70.73","69.24","2.53M","-0.94%"
"02/27/2023","70.02","69.99","70.59","69.00","6.19M","0.47%"
"02/24/2023","69.69","73.50","74.80","69.31","1.75M","-5.05%"
"02/23/2023","73.40","75.39","75.45","73.00","634.63K","-2.74%"
"02/22/2023","75.47","74.50","76.50","73.40","735.90K","1.95%"
"02/21/2023","74.03","75.89","75.99","74.03","373.14K","-1.02%"
"02/20/2023","74.79","77.00","77.00","74.32","399.56K","-1.66%"
"02/17/2023","76.05","76.80","77.89","75.50","1.18M","-0.65%"
"02/16/2023","76.55","79.40","79.40","76.50","1.18M","-2.66%"
"02/15/2023","78.64","77.30","79.50","75.25","2.35M","3.46%"
"02/14/2023","76.01","79.49","79.49","76.01","662.43K","-3.78%"
"02/13/2023","79.00","78.98","80.00","77.90","2.46M","0.55%"
"02/10/2023","78.57","77.60","81.89","77.10","6.75M","-0.98%"
"02/09/2023","79.35","75.74","79.74","75.74","6.60M","5.79%"
"02/08/2023","75.01","75.00","76.95","74.50","8.61M","1.34%"
"02/07/2023","74.02","73.55","75.00","73.50","4.77M","0.30%"
"02/06/2023","73.80","73.65","74.75","72.99","2.75M","0.82%"
"02/03/2023","73.20","73.00","74.10","72.06","1.10M","0.14%"
"02/02/2023","73.10","72.99","73.15","71.56","1.22M","0.34%"
"02/01/2023","72.85","71.81","74.50","71.81","6.17M","0.90%"
"01/31/2023","72.20","73.65","73.94","72.00","1.47M","-1.01%"
"01/30/2023","72.94","75.95","76.50","72.25","1.80M","-4.48%"
"01/27/2023","76.36","77.50","78.45","75.15","8.56M","4.46%"
"01/26/2023","73.10","70.50","73.10","70.50","8.73M","7.50%"
"01/25/2023","68.00","64.40","68.00","63.50","4.07M","7.09%"
"01/24/2023","63.50","60.70","63.59","60.70","466.65K","2.92%"
"01/23/2023","61.70","62.00","62.00","60.52","239.90K","-0.48%"
"01/20/2023","62.00","62.50","63.80","61.00","1.03M","-0.14%"
"01/19/2023","62.09","61.97","62.50","60.05","729.81K","0.63%"
"01/18/2023","61.70","61.30","62.40","61.00","461.78K","1.06%"
"01/17/2023","61.05","62.98","62.98","60.90","426.54K","-1.37%"
"01/16/2023","61.90","63.15","63.15","60.99","134.62K","-0.99%"
"01/13/2023","62.52","62.30","62.95","61.74","133.14K","-0.76%"
"01/12/2023","63.00","63.94","63.96","62.80","277.86K","-0.77%"
"01/11/2023","63.49","62.50","63.50","62.30","288.78K","1.98%"
"01/10/2023","62.26","62.20","63.77","62.20","289.18K","0.74%"
"01/09/2023","61.80","63.75","63.75","61.80","280.28K","-3.48%"
"01/06/2023","64.03","64.97","64.97","63.51","145.55K","-0.73%"
"01/05/2023","64.50","64.70","64.80","63.00","199.04K","1.42%"
"01/04/2023","63.60","62.10","64.00","62.10","109.78K","0.16%"
"01/03/2023","63.50","64.22","65.55","62.80","1.45M","-1.92%"
"01/02/2023","64.74","63.40","64.85","62.75","958.98K","3.92%"
"12/30/2022","62.30","60.34","64.00","59.60","3.21M","4.18%"
"12/29/2022","59.80","62.75","62.75","59.25","3.06M","-3.53%"
"12/28/2022","61.99","62.89","62.89","61.70","256.56K","-0.86%"
"12/27/2022","62.53","63.40","63.40","61.94","232.43K","-0.41%"
"12/26/2022","62.79","63.43","63.43","62.22","413.86K","0.37%"
"12/23/2022","62.56","62.95","63.45","61.45","313.71K","-0.70%"
"12/22/2022","63.00","63.00","63.82","62.50","508.93K","0.56%"
"12/21/2022","62.65","64.49","64.49","62.01","503.37K","-0.52%"
"12/20/2022","62.98","64.10","65.00","62.35","663.58K","-2.36%"
"12/19/2022","64.50","65.00","66.00","64.02","705.11K","0.00%"
"12/16/2022","64.50","64.89","65.35","63.20","470.76K","0.78%"
"12/15/2022","64.00","66.00","66.00","62.11","2.31M","-2.88%"
"12/14/2022","65.90","65.55","66.45","65.55","738.52K","-0.15%"
"12/13/2022","66.00","65.50","66.80","65.10","3.58M","1.23%"
"12/12/2022","65.20","66.29","66.35","65.20","5.51M","-0.62%"
"12/09/2022","65.61","67.65","67.75","65.50","1.55M","-1.78%"
"12/08/2022","66.80","68.34","68.34","66.75","665.89K","-1.04%"
"12/07/2022","67.50","68.00","68.25","67.30","1.71M","-0.37%"
"12/06/2022","67.75","68.00","68.29","67.15","311.75K","0.07%"
"12/05/2022","67.70","69.45","69.45","67.60","876.69K","-1.31%"
"12/02/2022","68.60","68.45","68.90","67.51","1.43M","1.25%"
"12/01/2022","67.75","66.98","70.10","66.98","5.48M","1.73%"
"11/30/2022","66.60","68.49","68.75","66.50","807.77K","-2.77%"
"11/29/2022","68.50","67.87","68.50","66.52","778.64K","3.01%"
"11/28/2022","66.50","69.00","69.00","66.50","712.64K","-2.21%"
"11/25/2022","68.00","68.48","68.48","67.76","1.25M","0.00%"
"11/24/2022","68.00","68.10","68.67","67.51","1.19M","-0.37%"
"11/23/2022","68.25","68.73","68.95","68.11","132.93K","0.00%"
"11/22/2022","68.25","68.90","68.92","68.00","100.66K","-0.06%"
"11/21/2022","68.29","67.52","68.49","67.50","265.28K","0.04%"
"11/18/2022","68.26","69.40","69.40","67.85","637.02K","-0.25%"
"11/17/2022","68.43","69.16","69.90","68.36","329.67K","-1.14%"
"11/16/2022","69.22","69.20","69.90","68.75","352.78K","-0.69%"
"11/15/2022","69.70","70.00","70.00","69.60","497.81K","-0.21%"
"11/14/2022","69.85","69.49","70.29","69.10","575.23K","0.50%"
"11/11/2022","69.50","69.99","70.29","69.26","541.12K","-0.29%"
"11/10/2022","69.70","68.00","71.25","67.50","3.76M","3.24%"
"11/08/2022","67.51","68.00","68.25","67.51","369.85K","-0.56%"
"11/07/2022","67.89","67.51","68.67","67.51","302.17K","0.28%"
"11/04/2022","67.70","68.01","68.40","67.30","257.25K","-2.04%"
"11/03/2022","69.11","69.48","70.00","68.70","1.51M","-0.20%"
"11/02/2022","69.25","69.85","70.49","69.08","517.56K","-0.82%"
"11/01/2022","69.82","70.49","70.50","69.70","992.10K","0.17%"
"10/31/2022","69.70","69.50","70.48","69.35","491.77K","-0.11%"
"10/28/2022","69.78","70.88","70.88","69.13","357.00K","-0.26%"
"10/27/2022","69.96","70.99","70.99","69.46","399.20K","-0.06%"
"10/26/2022","70.00","71.00","71.10","69.52","646.27K","-1.55%"
"10/25/2022","71.10","71.51","71.68","70.80","524.96K","-0.57%"
"10/24/2022","71.51","71.85","71.85","70.80","1.52M","0.58%"
"10/21/2022","71.10","71.49","71.89","70.50","3.10M","-0.70%"
"10/20/2022","71.60","71.74","71.74","71.37","3.78M","0.14%"
"10/19/2022","71.50","71.50","71.80","71.40","1.29M","0.00%"
"10/18/2022","71.50","71.94","71.94","71.30","1.37M","-0.01%"
"10/17/2022","71.51","71.90","71.90","71.40","1.29M","0.00%"
"10/14/2022","71.51","72.00","72.50","70.61","2.26M","0.01%"
"10/13/2022","71.50","71.99","71.99","71.35","1.18M","-0.27%"
"10/12/2022","71.69","71.50","72.00","70.01","883.41K","0.27%"
"10/11/2022","71.50","71.75","72.90","71.40","1.30M","-0.07%"
"10/10/2022","71.55","72.49","72.49","70.70","1.46M","-0.62%"
"10/07/2022","72.00","71.00","72.00","70.10","2.13M","1.27%"
"10/06/2022","71.10","69.98","71.39","69.50","2.49M","2.30%"
"10/05/2022","69.50","69.03","70.59","69.03","940.29K","-0.42%"
"10/04/2022","69.79","68.50","70.60","68.39","3.41M","2.86%"
"10/03/2022","67.85","67.26","70.95","67.05","13.17M","-2.67%"
"09/30/2022","69.71","69.71","69.71","69.71","697.32K","-7.50%"
"09/29/2022","75.36","80.01","80.01","75.36","1.83M","-7.61%"
"09/28/2022","81.57","81.70","84.10","81.15","1.04M","-0.04%"
"09/27/2022","81.60","81.79","81.79","80.62","937.05K","0.63%"
"09/26/2022","81.09","80.61","82.49","80.61","522.50K","0.73%"
"09/23/2022","80.50","82.70","82.70","80.50","4.94M","-1.89%"
"09/22/2022","82.05","82.70","82.70","80.11","604.52K","0.13%"
"09/21/2022","81.94","82.04","83.00","81.38","257.61K","-0.19%"
"09/20/2022","82.10","82.40","83.30","81.51","619.92K","0.26%"
"09/19/2022","81.89","83.40","84.78","81.50","715.85K","-1.52%"
"09/16/2022","83.15","84.00","86.00","82.70","1.61M","-1.46%"
"09/15/2022","84.38","87.49","87.60","83.30","422.87K","-3.00%"
"09/14/2022","86.99","88.49","88.49","86.52","193.03K","-1.71%"
"09/13/2022","88.50","87.53","88.75","86.81","409.21K","1.15%"
"09/12/2022","87.49","87.50","89.00","87.02","312.56K","-0.05%"
"09/09/2022","87.53","88.18","88.18","87.10","77.06K","-0.31%"
"09/08/2022","87.80","88.74","88.74","87.15","142.68K","-0.22%"
"09/07/2022","87.99","89.00","89.00","87.10","298.85K","-0.58%"
"09/06/2022","88.50","89.35","89.35","87.80","118.96K","0.00%"
"09/05/2022","88.50","91.00","91.00","88.00","274.44K","-2.21%"
"09/02/2022","90.50","90.95","90.95","88.06","170.85K","0.84%"
"09/01/2022","89.75","91.18","91.18","89.75","258.34K","-0.28%"
"08/31/2022","90.00","91.99","91.99","89.27","680.61K","-0.55%"
"08/30/2022","90.50","93.11","94.87","90.41","664.61K","-2.48%"
"08/29/2022","92.80","94.50","94.50","90.03","411.04K","-1.28%"
"08/26/2022","94.00","95.06","96.20","93.39","504.50K","-1.67%"
"08/25/2022","95.60","94.25","95.68","94.25","725.25K","1.70%"
"08/24/2022","94.00","95.45","96.00","93.66","1.77M","-0.95%"
"08/23/2022","94.90","93.01","98.00","93.01","1.25M","0.32%"
"08/22/2022","94.60","97.49","98.50","94.45","811.42K","-1.46%"
"08/19/2022","96.00","97.99","97.99","94.10","506.77K","-0.93%"
"08/18/2022","96.90","97.89","98.49","96.50","292.31K","-0.57%"
"08/17/2022","97.46","96.00","101.40","95.80","1.23M","0.97%"
"08/16/2022","96.52","95.50","99.80","94.00","1.57M","1.07%"
"08/15/2022","95.50","91.00","97.74","91.00","1.77M","5.52%"
"08/12/2022","90.50","88.98","91.17","86.40","580.21K","2.58%"
"08/11/2022","88.22","92.88","92.88","87.80","505.37K","-3.58%"
"08/10/2022","91.50","89.00","92.89","89.00","1.38M","3.18%"
"08/05/2022","88.68","88.39","89.95","86.00","1.59M","2.52%"
"08/04/2022","86.50","86.90","87.49","85.01","439.00K","0.36%"
"08/03/2022","86.19","85.60","87.95","84.21","1.65M","1.28%"
"08/02/2022","85.10","86.00","86.00","84.90","710.61K","-0.93%"
"08/01/2022","85.90","88.95","88.95","83.36","734.28K","-0.64%"
"07/29/2022","86.45","86.90","86.90","85.00","628.90K","-0.06%"
"07/28/2022","86.50","84.62","86.90","84.05","2.53M","2.43%"
"07/27/2022","84.45","86.99","86.99","82.99","1.37M","0.67%"
"07/26/2022","83.89","83.60","84.48","81.10","311.48K","-0.12%"
"07/25/2022","83.99","85.45","85.45","83.50","94.23K","-0.84%"
"07/22/2022","84.70","88.95","88.95","83.90","353.17K","-1.52%"
"07/21/2022","86.01","89.80","89.80","86.00","477.63K","-3.23%"
"07/20/2022","88.88","89.25","90.00","87.48","147.72K","0.43%"
"07/19/2022","88.50","91.00","91.94","87.80","536.22K","-2.76%"
"07/18/2022","91.01","90.27","92.85","90.27","212.34K","-1.88%"
"07/15/2022","92.75","94.98","94.98","92.52","119.62K","-0.86%"
"07/14/2022","93.55","94.00","94.30","92.41","488.64K","0.21%"
"07/13/2022","93.35","89.05","93.97","89.05","92.15K","1.59%"
"07/07/2022","91.89","91.60","91.97","91.12","45.49K","0.04%"
"07/06/2022","91.85","91.90","91.98","90.11","121.90K","1.49%"
"07/05/2022","90.50","92.00","92.55","90.50","96.95K","-1.87%"
"07/04/2022","92.22","91.25","92.59","90.00","204.82K","1.35%"
"07/01/2022","90.99","91.49","91.98","89.72","652.62K","-0.01%"
"06/30/2022","91.00","89.90","92.50","89.27","2.57M","0.90%"
"06/29/2022","90.19","94.99","95.13","88.30","3.44M","-3.65%"
"06/28/2022","93.61","93.61","96.44","93.61","573.06K","-1.51%"
"06/27/2022","95.05","93.00","97.49","91.10","992.36K","1.67%"
"06/24/2022","93.49","96.48","96.48","90.00","1.53M","-1.59%"
"06/23/2022","95.00","95.05","97.70","95.00","623.29K","-2.01%"
"06/22/2022","96.95","96.15","99.39","96.15","3.54M","0.45%"
"06/21/2022","96.52","96.43","97.10","94.22","4.84M","1.06%"
"06/20/2022","95.51","96.48","96.75","94.11","85.70K","0.01%"
"06/17/2022","95.50","96.49","97.00","94.00","660.78K","0.53%"
"06/16/2022","95.00","94.01","96.00","94.01","301.74K","-0.26%"
"06/15/2022","95.25","94.68","95.99","93.00","373.08K","2.20%"
"06/14/2022","93.20","91.00","93.85","90.01","496.90K","3.43%"
"06/13/2022","90.11","95.99","95.99","89.00","1.67M","-5.38%"
"06/10/2022","95.23","96.58","96.58","95.00","328.57K","-0.79%"
"06/09/2022","95.99","95.89","96.89","95.05","159.50K","-0.01%"
"06/08/2022","96.00","98.33","98.33","95.75","282.45K","-1.79%"
"06/07/2022","97.75","99.49","99.90","96.15","263.68K","-0.66%"
"06/06/2022","98.40","96.10","99.00","96.10","338.82K","1.74%"
"06/03/2022","96.72","99.85","99.96","96.00","3.43M","-2.80%"
"06/02/2022","99.51","102.99","103.00","99.30","1.28M","-2.43%"
"06/01/2022","101.99","103.00","103.80","101.70","597.95K","-1.01%"
"05/31/2022","103.03","104.88","104.88","102.17","1.21M","-0.45%"
"05/30/2022","103.50","104.00","105.38","102.21","84.06K","0.00%"
"05/27/2022","103.50","104.00","106.44","103.04","865.43K","0.10%"
"05/26/2022","103.40","102.62","103.97","102.60","284.73K","1.03%"
"05/25/2022","102.35","102.45","102.90","101.02","2.21M","-0.10%"
"05/24/2022","102.45","101.00","103.29","101.00","533.06K","0.07%"
"05/23/2022","102.38","102.10","103.24","100.20","579.56K","0.08%"
"05/20/2022","102.30","101.01","102.30","101.00","1.15M","1.27%"
"05/19/2022","101.02","102.98","102.98","101.00","573.92K","-1.25%"
"05/18/2022","102.30","101.99","103.20","101.31","478.74K","0.29%"
"05/17/2022","102.00","101.80","102.35","100.15","1.02M","1.75%"
"05/16/2022","100.25","102.50","102.50","99.75","10.74M","-2.18%"
"05/13/2022","102.48","102.00","103.48","101.00","321.29K","-0.17%"
"05/12/2022","102.65","103.91","103.91","101.11","509.00K","0.34%"
"05/11/2022","102.30","103.99","103.99","100.50","1.09M","-0.04%"
"05/10/2022","102.34","101.51","105.97","101.51","288.35K","-0.16%"
"05/09/2022","102.50","108.00","108.00","102.50","1.73M","-4.21%"
"05/06/2022","107.00","109.97","109.97","106.16","314.66K","-1.15%"
"04/28/2022","108.25","111.50","111.50","108.00","1.64M","-1.32%"
"04/27/2022","109.70","111.45","111.50","109.00","633.53K","-1.61%"
"04/26/2022","111.50","113.49","113.49","111.50","913.20K","-0.88%"
"04/25/2022","112.49","111.52","113.00","111.52","430.12K","0.89%"
"04/22/2022","111.50","112.00","112.00","110.57","430.17K","0.04%"
"04/21/2022","111.45","111.50","112.87","110.71","768.99K","0.68%"
"04/20/2022","110.70","115.07","115.90","110.00","982.56K","-3.68%"
"04/19/2022","114.93","115.10","116.32","114.50","687.02K","-0.49%"
"04/18/2022","115.50","116.89","116.89","115.00","1.20M","-0.75%"
"04/15/2022","116.37","116.30","116.44","115.65","191.03K","0.41%"
"04/14/2022","115.90","116.20","116.80","115.61","1.09M","-0.26%"
"04/13/2022","116.20","116.36","116.99","115.60","645.79K","0.00%"
"04/12/2022","116.20","116.00","119.00","115.72","703.98K","0.30%"
"04/11/2022","115.85","113.80","118.00","112.10","2.21M","4.46%"
"04/08/2022","110.90","110.99","112.30","110.56","990.24K","1.83%"
"04/07/2022","108.91","109.82","110.74","108.90","369.04K","-0.99%"
"04/06/2022","110.00","109.56","110.87","109.50","848.48K","0.09%"
"04/05/2022","109.90","109.51","110.70","109.02","477.50K","0.36%"
"04/04/2022","109.51","112.01","113.00","108.99","720.78K","-3.43%"
"04/01/2022","113.40","112.60","114.50","111.90","1.80M","0.43%"
"03/31/2022","112.91","113.99","114.00","112.60","734.79K","-0.87%"
"03/30/2022","113.90","113.98","114.50","113.00","100.47K","0.57%"
"03/29/2022","113.25","114.40","115.00","113.11","749.91K","0.13%"
"03/28/2022","113.10","113.69","114.38","111.00","378.81K","-0.36%"
"03/25/2022","113.51","112.84","114.00","110.55","523.84K","1.71%"
"03/24/2022","111.60","110.68","112.39","109.52","893.82K","1.45%"
"03/22/2022","110.00","111.34","111.89","109.50","669.56K","-0.54%"
"03/21/2022","110.60","109.50","111.00","108.39","841.77K","0.27%"
"03/18/2022","110.30","113.95","114.45","110.00","1.29M","-3.42%"
"03/17/2022","114.20","114.49","114.85","114.00","767.31K","0.26%"
"03/16/2022","113.90","115.00","115.90","113.50","280.72K","-1.39%"
"03/15/2022","115.50","114.11","115.50","114.03","268.48K","1.26%"
"03/14/2022","114.06","114.00","114.50","113.06","487.69K","0.01%"
"03/11/2022","114.05","114.00","114.86","113.07","325.29K","0.04%"
"03/10/2022","114.00","113.90","115.85","112.30","1.12M","1.24%"
"03/09/2022","112.60","111.00","114.97","111.00","1.06M","0.85%"
"03/08/2022","111.65","116.00","116.00","111.15","609.31K","-1.19%"
"03/07/2022","113.00","115.10","115.90","112.26","453.56K","-2.91%"
"03/04/2022","116.39","115.00","117.00","115.00","849.99K","0.77%"
"03/03/2022","115.50","117.00","117.00","114.80","147.19K","-0.08%"
"03/02/2022","115.59","116.94","116.94","114.81","674.87K","-0.78%"
"03/01/2022","116.50","117.98","118.10","116.00","748.77K","-0.01%"
"02/28/2022","116.51","117.41","117.41","115.02","1.27M","0.22%"
"02/25/2022","116.25","116.01","117.50","116.01","1.16M","-0.21%"
"02/24/2022","116.50","120.00","121.45","115.90","1.87M","-4.12%"
"02/23/2022","121.51","121.65","122.00","119.22","811.17K","0.21%"
"02/22/2022","121.25","122.20","122.20","118.00","1.40M","-0.33%"
"02/21/2022","121.65","122.40","122.60","121.50","83.29K","-0.29%"
"02/18/2022","122.00","122.00","122.90","121.00","318.04K","0.10%"
"02/17/2022","121.88","121.27","122.44","120.50","117.62K","0.40%"
"02/16/2022","121.40","122.98","122.98","121.11","363.29K","-0.16%"
"02/15/2022","121.60","123.85","123.85","121.60","1.42M","-0.73%"
"02/14/2022","122.50","123.23","124.50","122.45","532.44K","-0.59%"
"02/11/2022","123.23","122.80","123.95","121.56","1.13M","0.60%"
"02/10/2022","122.50","124.22","124.99","122.03","1.54M","-1.52%"
"02/09/2022","124.39","124.15","124.99","123.16","1.24M","0.04%"
"02/08/2022","124.34","124.40","124.55","123.00","1.70M","0.51%"
"02/07/2022","123.71","124.44","125.00","123.55","191.60K","-0.03%"
"02/04/2022","123.75","123.10","124.90","123.10","2.72M","0.20%"
"02/03/2022","123.50","126.00","126.00","123.45","750.31K","-0.80%"
"02/02/2022","124.50","121.02","128.00","121.00","3.47M","2.38%"
"02/01/2022","121.60","120.55","122.50","120.55","376.74K","0.49%"
"01/31/2022","121.01","120.20","121.70","120.20","691.88K","0.42%"
"01/28/2022","120.50","120.10","121.50","120.10","456.99K","-0.36%"
"01/27/2022","120.93","121.65","121.65","120.50","403.40K","-0.26%"
"01/26/2022","121.25","121.75","121.75","120.80","271.69K","-0.21%"
"01/25/2022","121.50","121.05","122.08","121.00","311.99K","0.25%"
"01/24/2022","121.20","122.25","122.45","121.15","220.83K","-0.97%"
"01/21/2022","122.39","122.50","122.50","121.05","96.51K","-0.05%"
"01/20/2022","122.45","121.49","122.45","119.70","350.34K","0.78%"
"01/19/2022","121.50","121.30","122.80","121.05","768.01K","-0.42%"
"01/18/2022","122.01","122.15","123.00","121.23","476.44K","0.01%"
"01/17/2022","122.00","122.70","123.10","122.00","449.85K","-0.65%"
"01/14/2022","122.80","121.50","124.00","121.50","1.14M","1.07%"
"01/13/2022","121.50","122.00","122.20","121.00","143.60K","-0.32%"
"01/12/2022","121.89","122.75","122.85","121.49","496.26K","-0.31%"
"01/11/2022","122.27","120.85","122.50","118.80","1.85M","1.47%"
"01/10/2022","120.50","119.00","121.23","118.03","2.96M","1.86%"
"01/07/2022","118.30","117.90","119.50","116.55","1.34M","0.60%"
"01/06/2022","117.59","117.99","118.70","116.50","1.36M","0.14%"
"01/05/2022","117.42","118.70","118.94","117.00","184.92K","-0.17%"
"01/04/2022","117.62","117.10","119.00","117.10","916.39K","0.70%"
"01/03/2022","116.80","117.00","117.90","116.50","405.79K","0.15%"
"12/31/2021","116.62","115.30","117.50","114.31","2.89M","1.59%"
"12/30/2021","114.80","115.00","115.90","114.30","2.19M","-0.17%"
"12/29/2021","114.99","116.57","116.57","114.80","1.64M","-0.44%"
"12/28/2021","115.50","116.88","116.90","115.20","745.57K","-0.45%"
"12/27/2021","116.02","117.91","117.91","116.00","379.51K","-0.59%"
"12/24/2021","116.71","117.80","117.80","116.51","321.52K","-0.46%"
"12/23/2021","117.25","116.57","118.50","116.57","801.57K","-0.64%"
"12/22/2021","118.00","118.70","118.70","117.00","761.75K","0.43%"
"12/21/2021","117.50","118.00","119.02","117.21","533.75K","-0.42%"
"12/20/2021","118.00","118.95","120.10","117.10","1.57M","0.00%"
"12/17/2021","118.00","116.70","118.55","114.50","1.65M","1.72%"
"12/16/2021","116.00","119.25","119.75","115.00","2.28M","-2.52%"
"12/15/2021","119.00","119.96","120.00","118.51","1.80M","-0.17%"
"12/14/2021","119.20","119.49","120.75","118.00","2.09M","0.17%"
"12/13/2021","119.00","120.43","120.50","118.65","803.84K","-0.42%"
"12/10/2021","119.50","121.80","121.80","119.46","1.03M","-1.24%"
"12/09/2021","121.00","122.95","122.95","118.91","1.05M","-1.35%"
"12/08/2021","122.65","122.95","123.85","121.15","2.36M","0.41%"
"12/07/2021","122.15","122.90","124.00","121.50","2.06M","0.53%"
"12/06/2021","121.50","123.90","123.95","121.06","1.01M","-0.41%"
"12/03/2021","122.00","118.90","124.23","117.15","3.28M","3.21%"
"12/02/2021","118.20","123.99","124.04","117.50","2.95M","-4.69%"
"12/01/2021","124.02","125.00","125.50","122.11","2.90M","-1.18%"
"11/30/2021","125.50","126.89","127.75","120.01","31.48M","-0.40%"
"11/29/2021","126.00","118.10","126.90","118.10","5.09M","5.26%"
"11/26/2021","119.70","116.10","120.74","116.10","3.45M","1.46%"
"11/25/2021","117.98","120.87","120.87","116.00","4.97M","-2.29%"
"11/24/2021","120.75","123.05","123.05","119.57","3.81M","-2.23%"
"11/23/2021","123.50","124.50","124.50","122.40","1.85M","-0.20%"
"11/22/2021","123.75","128.00","129.10","123.52","4.49M","-1.77%"
"11/19/2021","125.98","123.60","126.90","123.60","3.14M","2.00%"
"11/18/2021","123.51","125.00","125.94","122.31","1.24M","-0.79%"
"11/17/2021","124.49","126.50","127.75","123.66","4.16M","-1.20%"
"11/16/2021","126.00","125.45","126.49","123.05","878.99K","0.88%"
"11/15/2021","124.90","122.15","125.94","122.15","495.61K","1.13%"
"11/12/2021","123.50","124.10","125.47","123.00","415.48K","-0.40%"
"11/11/2021","124.00","124.97","124.97","124.00","2.40M","-0.40%"
"11/10/2021","124.50","126.00","126.88","124.10","453.39K","-0.61%"
"11/09/2021","125.26","127.40","127.40","125.25","854.23K","-1.10%"
"11/08/2021","126.65","125.60","127.01","125.20","705.57K","0.88%"
"11/05/2021","125.55","125.89","126.40","124.05","1.36M","1.20%"
"11/04/2021","124.06","125.79","126.10","123.51","1.66M","-0.75%"
"11/03/2021","125.00","128.95","128.95","125.00","717.18K","-1.97%"
"11/02/2021","127.51","127.00","128.90","126.00","2.46M","0.98%"
"11/01/2021","126.27","126.95","128.99","126.01","465.44K","0.21%"
"10/29/2021","126.01","125.50","129.00","123.05","1.93M","1.46%"
"10/28/2021","124.20","124.00","124.90","122.48","755.67K","-0.24%"
"10/27/2021","124.50","125.40","126.51","122.90","1.53M","-1.15%"
"10/26/2021","125.95","129.70","129.70","125.00","721.26K","-1.60%"
"10/25/2021","128.00","128.01","129.00","126.55","544.12K","-1.31%"
"10/22/2021","129.70","127.80","131.00","126.00","1.95M","1.57%"
"10/21/2021","127.70","124.00","131.90","122.22","6.22M","2.57%"
"10/20/2021","124.50","122.50","125.50","121.00","2.32M","2.17%"
"10/18/2021","121.85","119.74","122.80","117.05","1.82M","2.48%"
"10/15/2021","118.90","119.90","120.00","117.79","1.36M","-0.08%"
"10/14/2021","119.00","115.00","119.50","114.10","2.54M","4.39%"
"10/13/2021","114.00","114.50","116.57","113.15","2.68M","0.18%"
"10/12/2021","113.80","109.73","114.89","108.98","6.62M","4.12%"
"10/11/2021","109.30","109.53","110.49","109.02","1.21M","-0.82%"
"10/08/2021","110.20","109.50","111.00","108.50","5.83M","1.10%"
"10/07/2021","109.00","108.00","110.34","107.76","2.48M","1.30%"
"10/06/2021","107.60","109.99","109.99","107.60","3.15M","-1.29%"
"10/05/2021","109.01","110.02","110.70","109.00","1.59M","-1.08%"
"10/04/2021","110.20","110.09","110.35","109.09","1.60M","0.10%"
"10/01/2021","110.09","109.95","110.89","108.60","3.31M","0.58%"
"09/30/2021","109.45","111.00","111.94","108.05","6.59M","-1.15%"
"09/29/2021","110.72","113.90","113.90","110.41","1.35M","-1.97%"
"09/28/2021","112.95","112.00","113.70","111.52","7.04M","0.85%"
"09/27/2021","112.00","115.00","115.00","111.00","5.46M","-1.81%"
"09/24/2021","114.06","115.99","115.99","113.51","143.08K","-0.95%"
"09/23/2021","115.15","115.50","116.40","114.00","818.81K","-0.30%"
"09/22/2021","115.50","117.50","117.90","114.01","1.15M","-0.53%"
"09/21/2021","116.12","118.95","121.00","116.11","801.92K","-2.21%"
"09/20/2021","118.75","119.00","119.00","117.11","201.14K","-0.18%"
"09/17/2021","118.97","120.44","120.44","118.33","1.13M","-0.85%"
"09/16/2021","119.99","120.00","122.00","119.60","4.59M","-0.01%"
"09/15/2021","120.00","119.99","121.00","119.05","1.28M","0.42%"
"09/14/2021","119.50","117.63","120.61","117.63","1.84M","0.64%"
"09/13/2021","118.74","116.35","118.97","115.52","2.18M","2.54%"
"09/10/2021","115.80","116.95","116.99","115.02","1.11M","-0.17%"
"09/09/2021","116.00","117.60","118.50","115.15","2.23M","-2.52%"
"09/08/2021","119.00","119.90","119.90","118.00","1.02M","-0.21%"
"09/07/2021","119.25","120.25","120.25","117.00","1.11M","-0.42%"
"09/06/2021","119.75","121.00","121.88","119.55","7.01M","-1.03%"
"09/03/2021","121.00","122.50","122.99","119.75","1.26M","0.00%"
"09/02/2021","121.00","125.50","125.50","121.00","3.17M","-2.80%"
"09/01/2021","124.49","126.50","126.50","124.00","755.61K","-0.41%"
"08/31/2021","125.00","125.00","127.35","124.07","1.72M","-0.79%"
"08/30/2021","126.00","126.93","126.93","122.20","1.85M","-0.48%"
"08/27/2021","126.61","128.60","128.60","125.76","700.10K","-1.47%"
"08/26/2021","128.50","129.50","129.50","128.06","546.48K","-0.77%"
"08/25/2021","129.50","129.17","129.88","129.00","514.05K","0.15%"
"08/24/2021","129.30","130.20","130.95","129.30","665.11K","-0.16%"
"08/23/2021","129.51","129.52","130.99","129.50","1.44M","-0.10%"
"08/20/2021","129.64","130.00","130.45","129.30","657.24K","-0.08%"
"08/17/2021","129.75","130.65","131.00","129.10","554.45K","-0.57%"
"08/16/2021","130.50","129.97","130.50","128.25","577.57K","0.62%"
"08/13/2021","129.70","129.00","129.98","128.60","212.23K","0.70%"
"08/12/2021","128.80","128.84","129.72","128.55","269.95K","0.00%"
"08/11/2021","128.80","128.46","130.48","128.05","606.90K","0.70%"
"08/10/2021","127.90","128.85","128.95","127.55","170.81K","0.63%"
"08/09/2021","127.10","129.89","129.89","127.10","997.11K","-1.66%"
"08/06/2021","129.25","129.05","129.85","128.72","644.19K","0.12%"
"08/05/2021","129.10","129.50","130.00","128.50","2.02M","-0.54%"
"08/04/2021","129.80","128.98","129.99","128.01","1.15M","0.71%"
"08/03/2021","128.88","127.70","128.88","127.11","850.27K","1.48%"
"08/02/2021","127.00","126.00","128.00","125.91","1.10M","0.26%"
"07/30/2021","126.67","129.00","129.47","126.00","2.10M","-1.81%"
"07/29/2021","129.00","131.00","131.00","128.50","531.10K","-1.53%"
"07/28/2021","131.00","131.90","131.90","129.55","802.49K","-0.38%"
"07/27/2021","131.50","127.80","131.95","127.80","2.27M","2.26%"
"07/26/2021","128.60","129.98","130.45","128.10","607.74K","-0.55%"
"07/23/2021","129.31","129.35","130.10","128.07","228.90K","-0.14%"
"07/19/2021","129.49","130.00","130.00","128.50","123.93K","-0.37%"
"07/16/2021","129.97","129.01","130.50","128.00","1.07M","1.07%"
"07/15/2021","128.60","129.45","129.59","128.00","470.49K","-0.31%"
"07/14/2021","129.00","129.30","129.49","127.62","641.31K","0.66%"
"07/13/2021","128.16","129.50","129.50","127.50","777.78K","-0.65%"
"07/12/2021","129.00","129.44","129.95","127.31","483.08K","0.39%"
"07/09/2021","128.50","128.95","130.40","126.75","1.87M","0.35%"
"07/08/2021","128.05","127.24","128.55","127.15","1.22M","1.15%"
"07/07/2021","126.60","125.95","127.80","125.70","1.41M","0.88%"
"07/06/2021","125.50","123.90","125.90","122.51","2.52M","2.12%"
"07/05/2021","122.90","123.15","124.45","122.50","413.24K","-0.49%"
"07/02/2021","123.50","123.86","124.88","123.00","822.32K","0.40%"
"07/01/2021","123.01","122.90","124.75","122.56","1.05M","0.75%"
"06/30/2021","122.10","124.94","124.95","122.05","4.26M","-2.32%"
"06/29/2021","125.00","124.23","126.90","123.46","1.16M","1.37%"
"06/28/2021","123.31","127.25","128.00","123.00","1.30M","-3.61%"
"06/25/2021","127.93","130.95","130.95","126.26","1.75M","-1.97%"
"06/24/2021","130.50","130.00","131.70","129.05","637.25K","0.89%"
"06/23/2021","129.35","130.60","131.00","128.65","435.49K","-0.89%"
"06/22/2021","130.51","130.50","132.00","129.01","299.89K","0.38%"
"06/21/2021","130.01","130.95","131.94","128.90","451.44K","-0.02%"
"06/18/2021","130.03","133.05","133.77","129.00","2.27M","-2.82%"
"06/17/2021","133.80","135.50","135.69","133.50","169.73K","-0.96%"
"06/16/2021","135.10","135.57","135.70","134.60","1.26M","-0.11%"
"06/15/2021","135.25","135.85","135.85","134.00","479.87K","0.19%"
"06/14/2021","135.00","136.50","136.50","134.51","820.64K","-0.07%"
"06/11/2021","135.10","135.05","136.50","134.25","1.22M","0.80%"
"06/10/2021","134.03","133.45","135.75","132.06","1.51M","1.34%"
"06/09/2021","132.26","134.44","134.44","132.01","409.84K","-0.93%"
"06/08/2021","133.50","133.95","134.50","133.07","357.45K","0.38%"
"06/07/2021","133.00","134.00","135.50","132.17","568.82K","-0.59%"
"06/04/2021","133.79","134.02","135.93","132.80","486.83K","0.56%"
"06/03/2021","133.05","135.83","136.00","132.57","1.16M","-1.08%"
"06/02/2021","134.50","137.00","137.00","134.05","1.37M","-1.07%"
"06/01/2021","135.95","135.96","137.75","135.50","1.56M","0.59%"
"05/31/2021","135.15","134.95","137.45","134.95","2.29M","0.86%"
"05/28/2021","134.00","131.01","135.19","131.01","4.76M","1.90%"
"05/27/2021","131.50","132.00","134.25","130.00","3.91M","0.62%"
"05/26/2021","130.69","128.99","131.00","128.01","2.98M","1.31%"
"05/25/2021","129.00","125.47","129.50","124.00","3.88M","2.79%"
"05/24/2021","125.50","124.50","126.00","124.00","881.82K","1.53%"
"05/21/2021","123.61","122.95","125.30","122.05","1.47M","1.33%"
"05/20/2021","121.99","124.50","125.75","121.20","790.53K","-2.29%"
"05/19/2021","124.85","126.00","126.00","124.40","855.33K","-0.91%"
"05/18/2021","126.00","126.95","127.44","125.01","963.01K","-0.01%"
"05/17/2021","126.01","125.80","128.25","125.01","1.28M","-1.17%"
"05/06/2021","127.50","127.47","127.80","125.70","2.62M","0.00%"
"05/05/2021","127.50","128.00","128.00","125.99","440.87K","-0.01%"
"05/04/2021","127.51","127.97","129.00","125.00","1.61M","1.60%"
"05/03/2021","125.50","126.00","127.85","123.55","3.08M","-0.79%"
"04/30/2021","126.50","124.55","126.50","122.11","1.87M","1.20%"
"04/29/2021","125.00","123.80","126.99","121.00","2.40M","1.21%"
"04/28/2021","123.50","124.60","126.30","123.25","1.34M","-2.37%"
"04/27/2021","126.50","125.70","127.95","125.03","1.70M","0.41%"
"04/26/2021","125.98","122.50","129.20","121.02","3.31M","3.26%"
"04/23/2021","122.00","123.70","123.70","121.90","864.77K","-1.01%"
"04/22/2021","123.25","120.05","127.49","120.05","1.50M","2.62%"
"04/21/2021","120.10","120.00","121.40","119.01","1.07M","0.80%"
"04/20/2021","119.15","119.00","120.99","117.52","896.00K","0.57%"
"04/19/2021","118.48","117.05","120.00","116.90","238.58K","-0.43%"
"04/16/2021","118.99","118.68","119.25","118.00","896.94K","0.84%"
"04/15/2021","118.00","119.01","119.01","117.40","436.81K","-0.76%"
"04/14/2021","118.90","117.94","119.30","117.94","1.36M","1.19%"
"04/13/2021","117.50","117.30","118.04","115.77","977.66K","1.19%"
"04/12/2021","116.12","118.70","118.70","116.00","179.01K","-0.75%"
"04/09/2021","117.00","118.00","118.95","114.01","558.91K","1.30%"
"04/08/2021","115.50","114.87","117.40","112.11","998.58K","1.50%"
"04/07/2021","113.79","116.50","117.38","113.00","1.81M","-2.66%"
"04/06/2021","116.90","114.85","117.57","114.55","242.13K","1.83%"
"04/05/2021","114.80","117.89","117.89","114.50","272.43K","-2.54%"
"04/02/2021","117.79","117.40","118.00","116.05","157.82K","1.46%"
"04/01/2021","116.10","116.78","119.00","116.00","1.21M","-0.60%"
"03/31/2021","116.80","118.80","120.40","115.00","1.84M","-0.64%"
"03/30/2021","117.55","118.94","119.50","117.06","589.23K","-0.21%"
"03/29/2021","117.80","120.00","120.00","117.00","655.36K","-1.42%"
"03/26/2021","119.50","124.00","124.00","119.10","892.42K","-2.96%"
"03/25/2021","123.15","124.00","125.00","123.00","502.92K","-0.65%"
"03/24/2021","123.96","124.75","124.75","121.55","872.32K","0.01%"
"03/22/2021","123.95","123.34","124.80","122.33","264.99K","0.49%"
"03/19/2021","123.35","120.89","125.00","118.01","2.65M","2.80%"
"03/18/2021","119.99","121.40","122.80","119.00","1.36M","-3.62%"
"03/17/2021","124.50","123.15","125.00","122.50","1.25M","2.06%"
"03/16/2021","121.99","120.00","122.00","119.19","1.03M","1.66%"
"03/15/2021","120.00","119.50","120.89","118.45","877.09K","0.84%"
"03/12/2021","119.00","116.51","119.00","115.02","924.78K","2.59%"
"03/11/2021","116.00","118.98","118.98","114.01","1.19M","-1.44%"
"03/10/2021","117.69","120.00","120.00","117.40","673.67K","-1.10%"
"03/09/2021","119.00","118.98","121.45","117.00","1.59M","0.08%"
"03/08/2021","118.90","122.89","122.89","117.95","783.26K","-2.13%"
"03/05/2021","121.49","120.05","122.00","118.50","1.85M","1.31%"
"03/04/2021","119.92","118.91","121.98","118.03","1.74M","-1.30%"
"03/03/2021","121.50","123.25","123.26","121.01","1.49M","-1.60%"
"03/02/2021","123.47","121.05","124.50","121.05","2.29M","1.62%"
"03/01/2021","121.50","123.00","124.80","120.85","1.49M","-1.61%"
"02/26/2021","123.49","121.97","127.22","121.00","4.88M","1.60%"
"02/25/2021","121.55","119.80","122.00","119.80","4.40M","2.65%"
"02/24/2021","118.41","117.49","119.99","116.90","3.03M","1.51%"
"02/23/2021","116.65","120.00","120.97","116.40","2.72M","-1.97%"
"02/22/2021","119.00","124.49","124.49","118.10","3.49M","-3.88%"
"02/19/2021","123.80","125.49","126.97","123.00","1.73M","-0.56%"
"02/18/2021","124.50","130.99","131.00","123.16","3.06M","-4.88%"
"02/17/2021","130.89","139.01","140.24","129.05","6.62M","-4.95%"
"02/16/2021","137.70","136.00","138.50","134.55","1.75M","2.23%"
"02/15/2021","134.70","134.50","136.25","133.49","1.05M","0.91%"
"02/12/2021","133.49","134.80","135.75","132.51","1.33M","-0.57%"
"02/11/2021","134.25","137.10","139.00","134.00","3.60M","-1.65%"
"02/10/2021","136.50","136.58","138.60","135.50","1.92M","0.37%"
"02/09/2021","136.00","138.70","139.00","135.99","1.34M","-1.45%"
"02/08/2021","138.00","139.95","140.00","137.70","1.42M","-1.08%"
"02/04/2021","139.50","140.01","141.50","139.00","914.42K","-0.71%"
"02/03/2021","140.50","140.58","141.01","139.50","2.34M","0.36%"
"02/02/2021","139.99","141.50","141.50","139.70","1.18M","-0.72%"
"02/01/2021","141.00","142.47","142.69","140.90","1.75M","-0.71%"
"01/29/2021","142.01","142.97","142.97","140.55","2.03M","-0.48%"
"01/28/2021","142.70","141.05","144.75","140.90","2.87M","0.87%"
"01/27/2021","141.47","141.77","142.00","140.28","1.09M","0.30%"
"01/26/2021","141.05","141.90","142.20","140.88","1.02M","-0.34%"
"01/25/2021","141.53","143.00","143.49","141.01","1.21M","-1.02%"
"01/22/2021","142.99","142.55","143.49","141.81","2.09M","0.13%"
"01/21/2021","142.81","141.54","143.50","140.50","1.57M","1.43%"
"01/20/2021","140.80","139.00","141.95","138.25","4.05M","0.93%"